<?xml version="1.0" encoding="UTF-8"?>
<beans xmlns="http://www.springframework.org/schema/beans"
	xmlns:xsi="http://www.w3.org/2001/XMLSchema-instance" xmlns:aop="http://www.springframework.org/schema/aop"
	xmlns:tx="http://www.springframework.org/schema/tx"
	xsi:schemaLocation="
        http://www.springframework.org/schema/beans
        http://www.springframework.org/schema/beans/spring-beans.xsd
        http://www.springframework.org/schema/tx
        http://www.springframework.org/schema/tx/spring-tx.xsd
        http://www.springframework.org/schema/aop
        http://www.springframework.org/schema/aop/spring-aop.xsd">

	<aop:aspectj-autoproxy proxy-target-class="true" />

	<tx:advice id="txAdvice" transaction-manager="transactionManager">
		<tx:attributes>
			<tx:method name="*" rollback-for="Exception" />
		</tx:attributes>
	</tx:advice>

	<aop:config>
		<aop:pointcut id="pointcutService"
			expression="execution(* jp.co.sraw..*.*(..)) &amp;&amp; bean(*ServiceImpl)" />
		<aop:advisor advice-ref="txAdvice" pointcut-ref="pointcutService" />
	</aop:config>

	<!-- システム設定 -->
	<bean id="systemSetting" class="jp.co.sraw.common.SystemSetting">
		<!-- Batch起動のためのパラメータ -->
		<property name="batchAccessKey">
			<value>kuhfj9auqrhwuz5pzucjycvysnlvpuViqglutlbojunirZumassulylj</value>
		</property>
		<!-- 学認使用フラグ -->
		<property name="gakuninFlag">
			<value>false</value>
		</property>
		<!-- 学認,ログインのためのパラメータ -->
		<property name="gakuninLoginId">
			<value>email</value>
		</property>
		<!-- 学認Idpリスト取得先 -->
		<property name="gakuninIdpListUrl">
			<value>https://office.gakunin.nii.ac.jp/TestFed/export/discofeed/TS0083JP</value>
		</property>
		<!-- アクセス許可URI(メニュー存在しない画面) -->
		<property name="accessUriList">
			<list>
				<value>/manual/</value>
				<value>/help/</value>
				<value>/login/</value>
				<value>/sslogin/</value>
				<value>/logout/</value>
				<value>/home/</value>
				<value>/api/</value>
				<value>/service/</value>
				<value>/account/</value>
				<value>/portfolio/detail/</value>
			</list>
		</property>
	</bean>

	<bean id="fileStorage" class="jp.co.sraw.file.ServerFileStorage">
		<property name="rootPath">
			<value>/opt/eportfolio/data</value>
		</property>
	</bean>

	<bean id="sftpStorage" class="jp.co.sraw.file.SftpFileStorage">
		<property name="rootPath">
			<value>/opt/eportfolio/data</value>
		</property>
		<!-- ファイルサーバ接続用ＨＯＳＴ名 -->
		<property name="sftpHostName">
			<value>172.16.2.231</value>
		</property>
		<!-- ファイルサーバ接続用ユーザ名 -->
		<property name="sftpUserId">
			<value>srahira</value>
		</property>
		<!-- ファイルサーバ接続用認証キー -->
		<property name="sftpKey">
			<value>srahira</value>
		</property>
		<!-- Ｗｅｂサーバ一時ファイル置き場-->
		<property name="tmpFolder">
			<value>/home/srahira/temp</value>
		</property>
	</bean>

</beans>