<?xml version="1.0" encoding="UTF-8"?>
<!DOCTYPE configuration>

<configuration>

<!-- <included> -->

	<!-- common settings -->
	<property name="ROOT_LEVEL" value="ERROR" />

	<!-- 独自loggerのクラスを出力しないためのListener -->
	<contextListener class="jp.co.sraw.listener.AddLoggerContextListener"/>

	<!-- base.xmlを元にFILEを変更 -->
	<!-- <include resource="org/springframework/boot/logging/logback/defaults.xml" /> -->
	<conversionRule conversionWord="clr" converterClass="org.springframework.boot.logging.logback.ColorConverter" />
	<conversionRule conversionWord="wex" converterClass="org.springframework.boot.logging.logback.WhitespaceThrowableProxyConverter" />
	<conversionRule conversionWord="wEx" converterClass="org.springframework.boot.logging.logback.ExtendedWhitespaceThrowableProxyConverter" />

	<property name="CONSOLE_LOG_PATTERN" value="%clr(%d{yyyy-MM-dd HH:mm:ss.SSS}){faint} %clr(${LOG_LEVEL_PATTERN:-%5p}) %clr(${PID:- }){magenta} %clr(---){faint} %clr([%15.15t]){faint} %clr(%-40.40logger{39}){cyan} %clr([%file:%line %method]) %clr(:){faint} %m%n${LOG_EXCEPTION_CONVERSION_WORD:-%wEx}"/>
	<property name="FILE_LOG_PATTERN" value="%d{yyyy-MM-dd HH:mm:ss.SSS} ${LOG_LEVEL_PATTERN:-%5p} ${PID:- } --- [%t] %-40.40logger{39} %clr([%file:%line %method]) : %m%n${LOG_EXCEPTION_CONVERSION_WORD:-%wEx}"/>

	<appender name="DEBUG_LEVEL_REMAPPER" class="org.springframework.boot.logging.logback.LevelRemappingAppender">
		<destinationLogger>org.springframework.boot</destinationLogger>
	</appender>

	<logger name="org.apache.catalina.startup.DigesterFactory" level="ERROR"/>
	<logger name="org.apache.catalina.util.LifecycleBase" level="ERROR"/>
	<logger name="org.apache.coyote.http11.Http11NioProtocol" level="WARN"/>
	<logger name="org.apache.sshd.common.util.SecurityUtils" level="WARN"/>
	<logger name="org.apache.tomcat.util.net.NioSelectorPool" level="WARN"/>
	<logger name="org.crsh.plugin" level="WARN"/>
	<logger name="org.crsh.ssh" level="WARN"/>
	<logger name="org.eclipse.jetty.util.component.AbstractLifeCycle" level="ERROR"/>
	<logger name="org.hibernate.validator.internal.util.Version" level="WARN"/>
	<logger name="org.springframework.boot.actuate.autoconfigure.CrshAutoConfiguration" level="WARN"/>
	<logger name="org.springframework.boot.actuate.endpoint.jmx" additivity="false">
		<appender-ref ref="DEBUG_LEVEL_REMAPPER"/>
	</logger>
	<logger name="org.thymeleaf" additivity="false">
		<appender-ref ref="DEBUG_LEVEL_REMAPPER"/>
	</logger>

	<property name="LOG_FILE" value="${LOG_FILE:-${LOG_PATH:-${LOG_TEMP:-${java.io.tmpdir:-/tmp}}/}spring.log}"/>
	<include resource="org/springframework/boot/logging/logback/console-appender.xml" />

	<appender name="FILE"
		class="ch.qos.logback.core.rolling.RollingFileAppender">
		<encoder>
			<pattern>${FILE_LOG_PATTERN}</pattern>
			<charset>utf8</charset>
		</encoder>
		<file>${LOG_FILE}</file>
		<rollingPolicy class="ch.qos.logback.core.rolling.TimeBasedRollingPolicy">
			<!-- 拡張子がzip,gzの場合は圧縮ファイルとなる -->
			<fileNamePattern>${LOG_FILE}.%d{yyyy-MM-dd}.%i.zip</fileNamePattern>
			<!-- 30days -->
			<maxHistory>30</maxHistory>
			<timeBasedFileNamingAndTriggeringPolicy
				class="ch.qos.logback.core.rolling.SizeAndTimeBasedFNATP">
				<!-- or whenever the file size reaches 10MB -->
				<maxFileSize>5MB</maxFileSize>
			</timeBasedFileNamingAndTriggeringPolicy>
		</rollingPolicy>
	</appender>

	<root level="${ROOT_LEVEL}">
		<appender-ref ref="CONSOLE" />
		<appender-ref ref="FILE" />
	</root>

<!-- </included> -->

</configuration>
