<?xml version="1.0" encoding="UTF-8" standalone="no"?><entities>
	<entity>
		<entity-name>jp.co.sraw.entity.GyTeachingTbl</entity-name>
		<entity-width>120</entity-width>
		<entity-height>248</entity-height>
		<entity-X-Coordinate>50</entity-X-Coordinate>
		<entity-Y-Coordinate>2558</entity-Y-Coordinate>
		<primary-collapsed>false</primary-collapsed>
		<relation-collapsed>false</relation-collapsed>
		<basic-collapsed>false</basic-collapsed>
	</entity>

	<entity>
		<entity-name>jp.co.sraw.entity.UsScheduleTbl</entity-name>
		<entity-width>120</entity-width>
		<entity-height>326</entity-height>
		<entity-X-Coordinate>40</entity-X-Coordinate>
		<entity-Y-Coordinate>8352</entity-Y-Coordinate>
		<primary-collapsed>false</primary-collapsed>
		<relation-collapsed>false</relation-collapsed>
		<basic-collapsed>false</basic-collapsed>
	</entity>

	<entity>
		<entity-name>jp.co.sraw.entity.NrTrainingRelSubjectTblPK</entity-name>
		<entity-width>120</entity-width>
		<entity-height>110</entity-height>
		<entity-X-Coordinate>270</entity-X-Coordinate>
		<entity-Y-Coordinate>6578</entity-Y-Coordinate>
		<primary-collapsed>false</primary-collapsed>
		<relation-collapsed>false</relation-collapsed>
		<basic-collapsed>false</basic-collapsed>
	</entity>

	<entity>
		<entity-name>jp.co.sraw.entity.NrRubricRelUserTblPK</entity-name>
		<entity-width>120</entity-width>
		<entity-height>90</entity-height>
		<entity-X-Coordinate>270</entity-X-Coordinate>
		<entity-Y-Coordinate>5698</entity-Y-Coordinate>
		<primary-collapsed>false</primary-collapsed>
		<relation-collapsed>false</relation-collapsed>
		<basic-collapsed>false</basic-collapsed>
	</entity>

	<entity>
		<entity-name>jp.co.sraw.entity.NrSubjectAnswerTbl</entity-name>
		<entity-width>120</entity-width>
		<entity-height>168</entity-height>
		<entity-X-Coordinate>710</entity-X-Coordinate>
		<entity-Y-Coordinate>5766</entity-Y-Coordinate>
		<primary-collapsed>false</primary-collapsed>
		<relation-collapsed>false</relation-collapsed>
		<basic-collapsed>false</basic-collapsed>
	</entity>

	<entity>
		<entity-name>jp.co.sraw.entity.ItInternRecruitTblPK</entity-name>
		<entity-width>120</entity-width>
		<entity-height>90</entity-height>
		<entity-X-Coordinate>864</entity-X-Coordinate>
		<entity-Y-Coordinate>3304</entity-Y-Coordinate>
		<primary-collapsed>false</primary-collapsed>
		<relation-collapsed>false</relation-collapsed>
		<basic-collapsed>false</basic-collapsed>
	</entity>

	<entity>
		<entity-name>jp.co.sraw.entity.UsPasswordHistoryTblPK</entity-name>
		<entity-width>120</entity-width>
		<entity-height>90</entity-height>
		<entity-X-Coordinate>880</entity-X-Coordinate>
		<entity-Y-Coordinate>7870</entity-Y-Coordinate>
		<primary-collapsed>false</primary-collapsed>
		<relation-collapsed>false</relation-collapsed>
		<basic-collapsed>false</basic-collapsed>
	</entity>

	<entity>
		<entity-name>jp.co.sraw.entity.UsMailBoxAccessTbl</entity-name>
		<entity-width>120</entity-width>
		<entity-height>206</entity-height>
		<entity-X-Coordinate>600</entity-X-Coordinate>
		<entity-Y-Coordinate>7332</entity-Y-Coordinate>
		<primary-collapsed>false</primary-collapsed>
		<relation-collapsed>false</relation-collapsed>
		<basic-collapsed>false</basic-collapsed>
	</entity>

	<entity>
		<entity-name>jp.co.sraw.entity.SpSupportSyubetsuTbl</entity-name>
		<entity-width>120</entity-width>
		<entity-height>166</entity-height>
		<entity-X-Coordinate>270</entity-X-Coordinate>
		<entity-Y-Coordinate>6788</entity-Y-Coordinate>
		<primary-collapsed>false</primary-collapsed>
		<relation-collapsed>false</relation-collapsed>
		<basic-collapsed>false</basic-collapsed>
	</entity>

	<entity>
		<entity-name>jp.co.sraw.entity.ItInternRecruitUploadTblPK</entity-name>
		<entity-width>120</entity-width>
		<entity-height>110</entity-height>
		<entity-X-Coordinate>490</entity-X-Coordinate>
		<entity-Y-Coordinate>3346</entity-Y-Coordinate>
		<primary-collapsed>false</primary-collapsed>
		<relation-collapsed>false</relation-collapsed>
		<basic-collapsed>false</basic-collapsed>
	</entity>

	<entity>
		<entity-name>jp.co.sraw.entity.UsMailBoxPublicTblPK</entity-name>
		<entity-width>120</entity-width>
		<entity-height>90</entity-height>
		<entity-X-Coordinate>698</entity-X-Coordinate>
		<entity-Y-Coordinate>7157</entity-Y-Coordinate>
		<primary-collapsed>false</primary-collapsed>
		<relation-collapsed>false</relation-collapsed>
		<basic-collapsed>false</basic-collapsed>
	</entity>

	<entity>
		<entity-name>jp.co.sraw.entity.ItInternRecruitTbl</entity-name>
		<entity-width>120</entity-width>
		<entity-height>228</entity-height>
		<entity-X-Coordinate>710</entity-X-Coordinate>
		<entity-Y-Coordinate>3240</entity-Y-Coordinate>
		<primary-collapsed>false</primary-collapsed>
		<relation-collapsed>false</relation-collapsed>
		<basic-collapsed>false</basic-collapsed>
	</entity>

	<entity>
		<entity-name>jp.co.sraw.entity.MsRoleRelMenuTblPK</entity-name>
		<entity-width>120</entity-width>
		<entity-height>90</entity-height>
		<entity-X-Coordinate>257</entity-X-Coordinate>
		<entity-Y-Coordinate>4840</entity-Y-Coordinate>
		<primary-collapsed>false</primary-collapsed>
		<relation-collapsed>false</relation-collapsed>
		<basic-collapsed>false</basic-collapsed>
	</entity>

	<entity>
		<entity-name>jp.co.sraw.entity.GyPrizeTbl</entity-name>
		<entity-width>120</entity-width>
		<entity-height>468</entity-height>
		<entity-X-Coordinate>490</entity-X-Coordinate>
		<entity-Y-Coordinate>2022</entity-Y-Coordinate>
		<primary-collapsed>false</primary-collapsed>
		<relation-collapsed>false</relation-collapsed>
		<basic-collapsed>false</basic-collapsed>
	</entity>

	<entity>
		<entity-name>jp.co.sraw.entity.NrRubricRelUserTbl</entity-name>
		<entity-width>120</entity-width>
		<entity-height>128</entity-height>
		<entity-X-Coordinate>50</entity-X-Coordinate>
		<entity-Y-Coordinate>5684</entity-Y-Coordinate>
		<primary-collapsed>false</primary-collapsed>
		<relation-collapsed>false</relation-collapsed>
		<basic-collapsed>false</basic-collapsed>
	</entity>

	<entity>
		<entity-name>jp.co.sraw.entity.IfInfoTbl</entity-name>
		<entity-width>120</entity-width>
		<entity-height>288</entity-height>
		<entity-X-Coordinate>50</entity-X-Coordinate>
		<entity-Y-Coordinate>2906</entity-Y-Coordinate>
		<primary-collapsed>false</primary-collapsed>
		<relation-collapsed>false</relation-collapsed>
		<basic-collapsed>false</basic-collapsed>
	</entity>

	<entity>
		<entity-name>jp.co.sraw.entity.NrGradingAnswerTblPK</entity-name>
		<entity-width>120</entity-width>
		<entity-height>150</entity-height>
		<entity-X-Coordinate>710</entity-X-Coordinate>
		<entity-Y-Coordinate>5268</entity-Y-Coordinate>
		<primary-collapsed>false</primary-collapsed>
		<relation-collapsed>false</relation-collapsed>
		<basic-collapsed>false</basic-collapsed>
	</entity>

	<entity>
		<entity-name>jp.co.sraw.entity.KjThredUploadTblPK</entity-name>
		<entity-width>120</entity-width>
		<entity-height>90</entity-height>
		<entity-X-Coordinate>876</entity-X-Coordinate>
		<entity-Y-Coordinate>4031</entity-Y-Coordinate>
		<primary-collapsed>false</primary-collapsed>
		<relation-collapsed>false</relation-collapsed>
		<basic-collapsed>false</basic-collapsed>
	</entity>

	<entity>
		<entity-name>jp.co.sraw.entity.NrSubjectUploadTblPK</entity-name>
		<entity-width>120</entity-width>
		<entity-height>150</entity-height>
		<entity-X-Coordinate>864</entity-X-Coordinate>
		<entity-Y-Coordinate>6283</entity-Y-Coordinate>
		<primary-collapsed>false</primary-collapsed>
		<relation-collapsed>false</relation-collapsed>
		<basic-collapsed>false</basic-collapsed>
	</entity>

	<entity>
		<entity-name>jp.co.sraw.entity.NrCareerTblPK</entity-name>
		<entity-width>120</entity-width>
		<entity-height>90</entity-height>
		<entity-X-Coordinate>270</entity-X-Coordinate>
		<entity-Y-Coordinate>5258</entity-Y-Coordinate>
		<primary-collapsed>false</primary-collapsed>
		<relation-collapsed>false</relation-collapsed>
		<basic-collapsed>false</basic-collapsed>
	</entity>

	<entity>
		<entity-name>jp.co.sraw.entity.UsOpenTbl</entity-name>
		<entity-width>120</entity-width>
		<entity-height>246</entity-height>
		<entity-X-Coordinate>270</entity-X-Coordinate>
		<entity-Y-Coordinate>7416</entity-Y-Coordinate>
		<primary-collapsed>false</primary-collapsed>
		<relation-collapsed>false</relation-collapsed>
		<basic-collapsed>false</basic-collapsed>
	</entity>

	<entity>
		<entity-name>jp.co.sraw.entity.KjThredUploadTbl</entity-name>
		<entity-width>120</entity-width>
		<entity-height>128</entity-height>
		<entity-X-Coordinate>710</entity-X-Coordinate>
		<entity-Y-Coordinate>4031</entity-Y-Coordinate>
		<primary-collapsed>false</primary-collapsed>
		<relation-collapsed>false</relation-collapsed>
		<basic-collapsed>false</basic-collapsed>
	</entity>

	<entity>
		<entity-name>jp.co.sraw.entity.MsRoleTbl</entity-name>
		<entity-width>120</entity-width>
		<entity-height>168</entity-height>
		<entity-X-Coordinate>812</entity-X-Coordinate>
		<entity-Y-Coordinate>4630</entity-Y-Coordinate>
		<primary-collapsed>false</primary-collapsed>
		<relation-collapsed>false</relation-collapsed>
		<basic-collapsed>false</basic-collapsed>
	</entity>

	<entity>
		<entity-name>jp.co.sraw.entity.UsUserRelRoleTbl</entity-name>
		<entity-width>120</entity-width>
		<entity-height>166</entity-height>
		<entity-X-Coordinate>567</entity-X-Coordinate>
		<entity-Y-Coordinate>8506</entity-Y-Coordinate>
		<primary-collapsed>false</primary-collapsed>
		<relation-collapsed>false</relation-collapsed>
		<basic-collapsed>false</basic-collapsed>
	</entity>

	<entity>
		<entity-name>jp.co.sraw.entity.KjThredTbl</entity-name>
		<entity-width>120</entity-width>
		<entity-height>288</entity-height>
		<entity-X-Coordinate>721</entity-X-Coordinate>
		<entity-Y-Coordinate>4213</entity-Y-Coordinate>
		<primary-collapsed>false</primary-collapsed>
		<relation-collapsed>false</relation-collapsed>
		<basic-collapsed>false</basic-collapsed>
	</entity>

	<entity>
		<entity-name>jp.co.sraw.entity.KjBoardRelUser</entity-name>
		<entity-width>120</entity-width>
		<entity-height>128</entity-height>
		<entity-X-Coordinate>319</entity-X-Coordinate>
		<entity-Y-Coordinate>3735</entity-Y-Coordinate>
		<primary-collapsed>false</primary-collapsed>
		<relation-collapsed>false</relation-collapsed>
		<basic-collapsed>false</basic-collapsed>
	</entity>

	<entity>
		<entity-name>jp.co.sraw.entity.UsMailBoxPublicTbl</entity-name>
		<entity-width>120</entity-width>
		<entity-height>166</entity-height>
		<entity-X-Coordinate>864</entity-X-Coordinate>
		<entity-Y-Coordinate>7177</entity-Y-Coordinate>
		<primary-collapsed>false</primary-collapsed>
		<relation-collapsed>false</relation-collapsed>
		<basic-collapsed>false</basic-collapsed>
	</entity>

	<entity>
		<entity-name>jp.co.sraw.entity.GyOthersTbl</entity-name>
		<entity-width>120</entity-width>
		<entity-height>248</entity-height>
		<entity-X-Coordinate>270</entity-X-Coordinate>
		<entity-Y-Coordinate>1676</entity-Y-Coordinate>
		<primary-collapsed>false</primary-collapsed>
		<relation-collapsed>false</relation-collapsed>
		<basic-collapsed>false</basic-collapsed>
	</entity>

	<entity>
		<entity-name>jp.co.sraw.entity.GyCommitteeTbl</entity-name>
		<entity-width>120</entity-width>
		<entity-height>328</entity-height>
		<entity-X-Coordinate>50</entity-X-Coordinate>
		<entity-Y-Coordinate>766</entity-Y-Coordinate>
		<primary-collapsed>false</primary-collapsed>
		<relation-collapsed>false</relation-collapsed>
		<basic-collapsed>false</basic-collapsed>
	</entity>

	<entity>
		<entity-name>jp.co.sraw.entity.NrSubjectRelCareerTbl</entity-name>
		<entity-width>120</entity-width>
		<entity-height>128</entity-height>
		<entity-X-Coordinate>710</entity-X-Coordinate>
		<entity-Y-Coordinate>6034</entity-Y-Coordinate>
		<primary-collapsed>false</primary-collapsed>
		<relation-collapsed>false</relation-collapsed>
		<basic-collapsed>false</basic-collapsed>
	</entity>

	<entity>
		<entity-name>jp.co.sraw.entity.KjBoardGroupTbl</entity-name>
		<entity-width>120</entity-width>
		<entity-height>168</entity-height>
		<entity-X-Coordinate>710</entity-X-Coordinate>
		<entity-Y-Coordinate>3568</entity-Y-Coordinate>
		<primary-collapsed>false</primary-collapsed>
		<relation-collapsed>false</relation-collapsed>
		<basic-collapsed>false</basic-collapsed>
	</entity>

	<entity>
		<entity-name>jp.co.sraw.entity.ItInternUploadTblPK</entity-name>
		<entity-width>120</entity-width>
		<entity-height>90</entity-height>
		<entity-X-Coordinate>490</entity-X-Coordinate>
		<entity-Y-Coordinate>3556</entity-Y-Coordinate>
		<primary-collapsed>false</primary-collapsed>
		<relation-collapsed>false</relation-collapsed>
		<basic-collapsed>false</basic-collapsed>
	</entity>

	<entity>
		<entity-name>jp.co.sraw.entity.ItInternPublicTblPK</entity-name>
		<entity-width>120</entity-width>
		<entity-height>90</entity-height>
		<entity-X-Coordinate>270</entity-X-Coordinate>
		<entity-Y-Coordinate>3136</entity-Y-Coordinate>
		<primary-collapsed>false</primary-collapsed>
		<relation-collapsed>false</relation-collapsed>
		<basic-collapsed>false</basic-collapsed>
	</entity>

	<entity>
		<entity-name>jp.co.sraw.entity.UsOpenTblPK</entity-name>
		<entity-width>120</entity-width>
		<entity-height>90</entity-height>
		<entity-X-Coordinate>279</entity-X-Coordinate>
		<entity-Y-Coordinate>7291</entity-Y-Coordinate>
		<primary-collapsed>false</primary-collapsed>
		<relation-collapsed>false</relation-collapsed>
		<basic-collapsed>false</basic-collapsed>
	</entity>

	<entity>
		<entity-name>jp.co.sraw.entity.NrSubjectRelCareerTblPK</entity-name>
		<entity-width>120</entity-width>
		<entity-height>110</entity-height>
		<entity-X-Coordinate>851</entity-X-Coordinate>
		<entity-Y-Coordinate>6043</entity-Y-Coordinate>
		<primary-collapsed>false</primary-collapsed>
		<relation-collapsed>false</relation-collapsed>
		<basic-collapsed>false</basic-collapsed>
	</entity>

	<entity>
		<entity-name>jp.co.sraw.entity.IfInfoPublicTbl</entity-name>
		<entity-width>120</entity-width>
		<entity-height>128</entity-height>
		<entity-X-Coordinate>721</entity-X-Coordinate>
		<entity-Y-Coordinate>2767</entity-Y-Coordinate>
		<primary-collapsed>false</primary-collapsed>
		<relation-collapsed>false</relation-collapsed>
		<basic-collapsed>false</basic-collapsed>
	</entity>

	<entity>
		<entity-name>jp.co.sraw.entity.KjThredReplyTblPK</entity-name>
		<entity-width>120</entity-width>
		<entity-height>90</entity-height>
		<entity-X-Coordinate>514</entity-X-Coordinate>
		<entity-Y-Coordinate>3980</entity-Y-Coordinate>
		<primary-collapsed>false</primary-collapsed>
		<relation-collapsed>false</relation-collapsed>
		<basic-collapsed>false</basic-collapsed>
	</entity>

	<entity>
		<entity-name>jp.co.sraw.entity.NrGradingSubjectTblPK</entity-name>
		<entity-width>120</entity-width>
		<entity-height>150</entity-height>
		<entity-X-Coordinate>270</entity-X-Coordinate>
		<entity-Y-Coordinate>5448</entity-Y-Coordinate>
		<primary-collapsed>false</primary-collapsed>
		<relation-collapsed>false</relation-collapsed>
		<basic-collapsed>false</basic-collapsed>
	</entity>

	<entity>
		<entity-name>jp.co.sraw.entity.GyOtherAffiliationTbl</entity-name>
		<entity-width>120</entity-width>
		<entity-height>268</entity-height>
		<entity-X-Coordinate>50</entity-X-Coordinate>
		<entity-Y-Coordinate>1542</entity-Y-Coordinate>
		<primary-collapsed>false</primary-collapsed>
		<relation-collapsed>false</relation-collapsed>
		<basic-collapsed>false</basic-collapsed>
	</entity>

	<entity>
		<entity-name>jp.co.sraw.entity.UsResultUploadTbl</entity-name>
		<entity-width>120</entity-width>
		<entity-height>186</entity-height>
		<entity-X-Coordinate>29</entity-X-Coordinate>
		<entity-Y-Coordinate>8097</entity-Y-Coordinate>
		<primary-collapsed>false</primary-collapsed>
		<relation-collapsed>false</relation-collapsed>
		<basic-collapsed>false</basic-collapsed>
	</entity>

	<entity>
		<entity-name>jp.co.sraw.entity.UsUserRelRoleTblPK</entity-name>
		<entity-width>120</entity-width>
		<entity-height>90</entity-height>
		<entity-X-Coordinate>739</entity-X-Coordinate>
		<entity-Y-Coordinate>8580</entity-Y-Coordinate>
		<primary-collapsed>false</primary-collapsed>
		<relation-collapsed>false</relation-collapsed>
		<basic-collapsed>false</basic-collapsed>
	</entity>

	<entity>
		<entity-name>jp.co.sraw.entity.CrConsulTbl</entity-name>
		<entity-width>120</entity-width>
		<entity-height>408</entity-height>
		<entity-X-Coordinate>710</entity-X-Coordinate>
		<entity-Y-Coordinate>100</entity-Y-Coordinate>
		<primary-collapsed>false</primary-collapsed>
		<relation-collapsed>false</relation-collapsed>
		<basic-collapsed>false</basic-collapsed>
	</entity>

	<entity>
		<entity-name>jp.co.sraw.entity.GyDegreeTbl</entity-name>
		<entity-width>120</entity-width>
		<entity-height>248</entity-height>
		<entity-X-Coordinate>50</entity-X-Coordinate>
		<entity-Y-Coordinate>1194</entity-Y-Coordinate>
		<primary-collapsed>false</primary-collapsed>
		<relation-collapsed>false</relation-collapsed>
		<basic-collapsed>false</basic-collapsed>
	</entity>

	<entity>
		<entity-name>jp.co.sraw.entity.SpSupportSyubetsuTblPK</entity-name>
		<entity-width>120</entity-width>
		<entity-height>90</entity-height>
		<entity-X-Coordinate>50</entity-X-Coordinate>
		<entity-Y-Coordinate>6796</entity-Y-Coordinate>
		<primary-collapsed>false</primary-collapsed>
		<relation-collapsed>false</relation-collapsed>
		<basic-collapsed>false</basic-collapsed>
	</entity>

	<entity>
		<entity-name>jp.co.sraw.entity.SpSupportTbl</entity-name>
		<entity-width>120</entity-width>
		<entity-height>348</entity-height>
		<entity-X-Coordinate>50</entity-X-Coordinate>
		<entity-Y-Coordinate>6948</entity-Y-Coordinate>
		<primary-collapsed>false</primary-collapsed>
		<relation-collapsed>false</relation-collapsed>
		<basic-collapsed>false</basic-collapsed>
	</entity>

	<entity>
		<entity-name>jp.co.sraw.entity.NrPhaseColorTblPK</entity-name>
		<entity-width>120</entity-width>
		<entity-height>90</entity-height>
		<entity-X-Coordinate>490</entity-X-Coordinate>
		<entity-Y-Coordinate>5534</entity-Y-Coordinate>
		<primary-collapsed>false</primary-collapsed>
		<relation-collapsed>false</relation-collapsed>
		<basic-collapsed>false</basic-collapsed>
	</entity>

	<entity>
		<entity-name>jp.co.sraw.entity.MsRoleRelMenuTbl</entity-name>
		<entity-width>120</entity-width>
		<entity-height>128</entity-height>
		<entity-X-Coordinate>72</entity-X-Coordinate>
		<entity-Y-Coordinate>4814</entity-Y-Coordinate>
		<primary-collapsed>false</primary-collapsed>
		<relation-collapsed>false</relation-collapsed>
		<basic-collapsed>false</basic-collapsed>
	</entity>

	<entity>
		<entity-name>jp.co.sraw.entity.MsCodeTbl</entity-name>
		<entity-width>120</entity-width>
		<entity-height>328</entity-height>
		<entity-X-Coordinate>230</entity-X-Coordinate>
		<entity-Y-Coordinate>4310</entity-Y-Coordinate>
		<primary-collapsed>false</primary-collapsed>
		<relation-collapsed>false</relation-collapsed>
		<basic-collapsed>false</basic-collapsed>
	</entity>

	<entity>
		<entity-name>jp.co.sraw.entity.KjThredReplyUploadTblPK</entity-name>
		<entity-width>120</entity-width>
		<entity-height>110</entity-height>
		<entity-X-Coordinate>270</entity-X-Coordinate>
		<entity-Y-Coordinate>4162</entity-Y-Coordinate>
		<primary-collapsed>false</primary-collapsed>
		<relation-collapsed>false</relation-collapsed>
		<basic-collapsed>false</basic-collapsed>
	</entity>

	<entity>
		<entity-name>jp.co.sraw.entity.KjThredReplyTbl</entity-name>
		<entity-width>120</entity-width>
		<entity-height>168</entity-height>
		<entity-X-Coordinate>319</entity-X-Coordinate>
		<entity-Y-Coordinate>3917</entity-Y-Coordinate>
		<primary-collapsed>false</primary-collapsed>
		<relation-collapsed>false</relation-collapsed>
		<basic-collapsed>false</basic-collapsed>
	</entity>

	<entity>
		<entity-name>jp.co.sraw.entity.GyCareerTbl</entity-name>
		<entity-width>120</entity-width>
		<entity-height>348</entity-height>
		<entity-X-Coordinate>710</entity-X-Coordinate>
		<entity-Y-Coordinate>608</entity-Y-Coordinate>
		<primary-collapsed>false</primary-collapsed>
		<relation-collapsed>false</relation-collapsed>
		<basic-collapsed>false</basic-collapsed>
	</entity>

	<entity>
		<entity-name>jp.co.sraw.entity.GyResearchKeywordTbl</entity-name>
		<entity-width>120</entity-width>
		<entity-height>228</entity-height>
		<entity-X-Coordinate>270</entity-X-Coordinate>
		<entity-Y-Coordinate>2352</entity-Y-Coordinate>
		<primary-collapsed>false</primary-collapsed>
		<relation-collapsed>false</relation-collapsed>
		<basic-collapsed>false</basic-collapsed>
	</entity>

	<entity>
		<entity-name>jp.co.sraw.entity.NrCareerTbl</entity-name>
		<entity-width>120</entity-width>
		<entity-height>208</entity-height>
		<entity-X-Coordinate>50</entity-X-Coordinate>
		<entity-Y-Coordinate>5048</entity-Y-Coordinate>
		<primary-collapsed>false</primary-collapsed>
		<relation-collapsed>false</relation-collapsed>
		<basic-collapsed>false</basic-collapsed>
	</entity>

	<entity>
		<entity-name>jp.co.sraw.entity.UsSchedulePublicTblPK</entity-name>
		<entity-width>120</entity-width>
		<entity-height>90</entity-height>
		<entity-X-Coordinate>359</entity-X-Coordinate>
		<entity-Y-Coordinate>8516</entity-Y-Coordinate>
		<primary-collapsed>false</primary-collapsed>
		<relation-collapsed>false</relation-collapsed>
		<basic-collapsed>false</basic-collapsed>
	</entity>

	<entity>
		<entity-name>jp.co.sraw.entity.ItInternRecruitUploadTbl</entity-name>
		<entity-width>120</entity-width>
		<entity-height>128</entity-height>
		<entity-X-Coordinate>270</entity-X-Coordinate>
		<entity-Y-Coordinate>3326</entity-Y-Coordinate>
		<primary-collapsed>false</primary-collapsed>
		<relation-collapsed>false</relation-collapsed>
		<basic-collapsed>false</basic-collapsed>
	</entity>

	<entity>
		<entity-name>jp.co.sraw.entity.ItInternPublicTbl</entity-name>
		<entity-width>120</entity-width>
		<entity-height>128</entity-height>
		<entity-X-Coordinate>490</entity-X-Coordinate>
		<entity-Y-Coordinate>3118</entity-Y-Coordinate>
		<primary-collapsed>false</primary-collapsed>
		<relation-collapsed>false</relation-collapsed>
		<basic-collapsed>false</basic-collapsed>
	</entity>

	<entity>
		<entity-name>jp.co.sraw.entity.NrBackColorTblPK</entity-name>
		<entity-width>120</entity-width>
		<entity-height>130</entity-height>
		<entity-X-Coordinate>890</entity-X-Coordinate>
		<entity-Y-Coordinate>5029</entity-Y-Coordinate>
		<primary-collapsed>false</primary-collapsed>
		<relation-collapsed>false</relation-collapsed>
		<basic-collapsed>false</basic-collapsed>
	</entity>

	<entity>
		<entity-name>jp.co.sraw.entity.NrBackColorTbl</entity-name>
		<entity-width>120</entity-width>
		<entity-height>148</entity-height>
		<entity-X-Coordinate>710</entity-X-Coordinate>
		<entity-Y-Coordinate>5020</entity-Y-Coordinate>
		<primary-collapsed>false</primary-collapsed>
		<relation-collapsed>false</relation-collapsed>
		<basic-collapsed>false</basic-collapsed>
	</entity>

	<entity>
		<entity-name>jp.co.sraw.entity.GyResearchAreaTbl</entity-name>
		<entity-width>120</entity-width>
		<entity-height>228</entity-height>
		<entity-X-Coordinate>270</entity-X-Coordinate>
		<entity-Y-Coordinate>2024</entity-Y-Coordinate>
		<primary-collapsed>false</primary-collapsed>
		<relation-collapsed>false</relation-collapsed>
		<basic-collapsed>false</basic-collapsed>
	</entity>

	<entity>
		<entity-name>jp.co.sraw.entity.GyPatentTbl</entity-name>
		<entity-width>120</entity-width>
		<entity-height>548</entity-height>
		<entity-X-Coordinate>50</entity-X-Coordinate>
		<entity-Y-Coordinate>1910</entity-Y-Coordinate>
		<primary-collapsed>false</primary-collapsed>
		<relation-collapsed>false</relation-collapsed>
		<basic-collapsed>false</basic-collapsed>
	</entity>

	<entity>
		<entity-name>jp.co.sraw.entity.IfInfoUploadTblPK</entity-name>
		<entity-width>120</entity-width>
		<entity-height>90</entity-height>
		<entity-X-Coordinate>890</entity-X-Coordinate>
		<entity-Y-Coordinate>3017</entity-Y-Coordinate>
		<primary-collapsed>false</primary-collapsed>
		<relation-collapsed>false</relation-collapsed>
		<basic-collapsed>false</basic-collapsed>
	</entity>

	<entity>
		<entity-name>jp.co.sraw.entity.IfInfoPublicTblPK</entity-name>
		<entity-width>120</entity-width>
		<entity-height>110</entity-height>
		<entity-X-Coordinate>890</entity-X-Coordinate>
		<entity-Y-Coordinate>2767</entity-Y-Coordinate>
		<primary-collapsed>false</primary-collapsed>
		<relation-collapsed>false</relation-collapsed>
		<basic-collapsed>false</basic-collapsed>
	</entity>

	<entity>
		<entity-name>jp.co.sraw.entity.EvEventRelCollegeTblPK</entity-name>
		<entity-width>120</entity-width>
		<entity-height>110</entity-height>
		<entity-X-Coordinate>270</entity-X-Coordinate>
		<entity-Y-Coordinate>310</entity-Y-Coordinate>
		<primary-collapsed>false</primary-collapsed>
		<relation-collapsed>false</relation-collapsed>
		<basic-collapsed>false</basic-collapsed>
	</entity>

	<entity>
		<entity-name>jp.co.sraw.entity.UsMailBoxAccessTblPK</entity-name>
		<entity-width>120</entity-width>
		<entity-height>90</entity-height>
		<entity-X-Coordinate>548</entity-X-Coordinate>
		<entity-Y-Coordinate>7157</entity-Y-Coordinate>
		<primary-collapsed>false</primary-collapsed>
		<relation-collapsed>false</relation-collapsed>
		<basic-collapsed>false</basic-collapsed>
	</entity>

	<entity>
		<entity-name>jp.co.sraw.entity.ItInternTbl</entity-name>
		<entity-width>120</entity-width>
		<entity-height>548</entity-height>
		<entity-X-Coordinate>50</entity-X-Coordinate>
		<entity-Y-Coordinate>3484</entity-Y-Coordinate>
		<primary-collapsed>false</primary-collapsed>
		<relation-collapsed>false</relation-collapsed>
		<basic-collapsed>false</basic-collapsed>
	</entity>

	<entity>
		<entity-name>jp.co.sraw.entity.MsPartyTbl</entity-name>
		<entity-width>120</entity-width>
		<entity-height>228</entity-height>
		<entity-X-Coordinate>659</entity-X-Coordinate>
		<entity-Y-Coordinate>4630</entity-Y-Coordinate>
		<primary-collapsed>false</primary-collapsed>
		<relation-collapsed>false</relation-collapsed>
		<basic-collapsed>false</basic-collapsed>
	</entity>

	<entity>
		<entity-name>jp.co.sraw.entity.GyConferenceTbl</entity-name>
		<entity-width>120</entity-width>
		<entity-height>548</entity-height>
		<entity-X-Coordinate>710</entity-X-Coordinate>
		<entity-Y-Coordinate>1056</entity-Y-Coordinate>
		<primary-collapsed>false</primary-collapsed>
		<relation-collapsed>false</relation-collapsed>
		<basic-collapsed>false</basic-collapsed>
	</entity>

	<entity>
		<entity-name>jp.co.sraw.entity.KjBoardRelUserPK</entity-name>
		<entity-width>120</entity-width>
		<entity-height>90</entity-height>
		<entity-X-Coordinate>503</entity-X-Coordinate>
		<entity-Y-Coordinate>3747</entity-Y-Coordinate>
		<primary-collapsed>false</primary-collapsed>
		<relation-collapsed>false</relation-collapsed>
		<basic-collapsed>false</basic-collapsed>
	</entity>

	<entity>
		<entity-name>jp.co.sraw.entity.NrRubricTbl</entity-name>
		<entity-width>120</entity-width>
		<entity-height>208</entity-height>
		<entity-X-Coordinate>490</entity-X-Coordinate>
		<entity-Y-Coordinate>5724</entity-Y-Coordinate>
		<primary-collapsed>false</primary-collapsed>
		<relation-collapsed>false</relation-collapsed>
		<basic-collapsed>false</basic-collapsed>
	</entity>

	<entity>
		<entity-name>jp.co.sraw.entity.GyPaperTbl</entity-name>
		<entity-width>120</entity-width>
		<entity-height>708</entity-height>
		<entity-X-Coordinate>710</entity-X-Coordinate>
		<entity-Y-Coordinate>1704</entity-Y-Coordinate>
		<primary-collapsed>false</primary-collapsed>
		<relation-collapsed>false</relation-collapsed>
		<basic-collapsed>false</basic-collapsed>
	</entity>

	<entity>
		<entity-name>jp.co.sraw.entity.CrConsulRelUserTbl</entity-name>
		<entity-width>120</entity-width>
		<entity-height>148</entity-height>
		<entity-X-Coordinate>490</entity-X-Coordinate>
		<entity-Y-Coordinate>50</entity-Y-Coordinate>
		<primary-collapsed>false</primary-collapsed>
		<relation-collapsed>false</relation-collapsed>
		<basic-collapsed>false</basic-collapsed>
	</entity>

	<entity>
		<entity-name>jp.co.sraw.entity.NrTrainingPublicTblPK</entity-name>
		<entity-width>120</entity-width>
		<entity-height>90</entity-height>
		<entity-X-Coordinate>710</entity-X-Coordinate>
		<entity-Y-Coordinate>6490</entity-Y-Coordinate>
		<primary-collapsed>false</primary-collapsed>
		<relation-collapsed>false</relation-collapsed>
		<basic-collapsed>false</basic-collapsed>
	</entity>

	<entity>
		<entity-name>jp.co.sraw.entity.NrGradingAnswerTbl</entity-name>
		<entity-width>120</entity-width>
		<entity-height>168</entity-height>
		<entity-X-Coordinate>490</entity-X-Coordinate>
		<entity-Y-Coordinate>5266</entity-Y-Coordinate>
		<primary-collapsed>false</primary-collapsed>
		<relation-collapsed>false</relation-collapsed>
		<basic-collapsed>false</basic-collapsed>
	</entity>

	<entity>
		<entity-name>jp.co.sraw.entity.NrTrainingRelSubjectTbl</entity-name>
		<entity-width>120</entity-width>
		<entity-height>148</entity-height>
		<entity-X-Coordinate>50</entity-X-Coordinate>
		<entity-Y-Coordinate>6548</entity-Y-Coordinate>
		<primary-collapsed>false</primary-collapsed>
		<relation-collapsed>false</relation-collapsed>
		<basic-collapsed>false</basic-collapsed>
	</entity>

	<entity>
		<entity-name>jp.co.sraw.entity.MsMenuTbl</entity-name>
		<entity-width>120</entity-width>
		<entity-height>268</entity-height>
		<entity-X-Coordinate>490</entity-X-Coordinate>
		<entity-Y-Coordinate>4630</entity-Y-Coordinate>
		<primary-collapsed>false</primary-collapsed>
		<relation-collapsed>false</relation-collapsed>
		<basic-collapsed>false</basic-collapsed>
	</entity>

	<entity>
		<entity-name>jp.co.sraw.entity.GyWorksTbl</entity-name>
		<entity-width>120</entity-width>
		<entity-height>428</entity-height>
		<entity-X-Coordinate>490</entity-X-Coordinate>
		<entity-Y-Coordinate>2590</entity-Y-Coordinate>
		<primary-collapsed>false</primary-collapsed>
		<relation-collapsed>false</relation-collapsed>
		<basic-collapsed>false</basic-collapsed>
	</entity>

	<entity>
		<entity-name>jp.co.sraw.entity.UsLoginInfoTbl</entity-name>
		<entity-width>120</entity-width>
		<entity-height>206</entity-height>
		<entity-X-Coordinate>778</entity-X-Coordinate>
		<entity-Y-Coordinate>8270</entity-Y-Coordinate>
		<primary-collapsed>false</primary-collapsed>
		<relation-collapsed>false</relation-collapsed>
		<basic-collapsed>false</basic-collapsed>
	</entity>

	<entity>
		<entity-name>jp.co.sraw.entity.NrSubjectPhaseTbl</entity-name>
		<entity-width>120</entity-width>
		<entity-height>208</entity-height>
		<entity-X-Coordinate>50</entity-X-Coordinate>
		<entity-Y-Coordinate>5912</entity-Y-Coordinate>
		<primary-collapsed>false</primary-collapsed>
		<relation-collapsed>false</relation-collapsed>
		<basic-collapsed>false</basic-collapsed>
	</entity>

	<entity>
		<entity-name>jp.co.sraw.entity.UsMailBoxTbl</entity-name>
		<entity-width>120</entity-width>
		<entity-height>346</entity-height>
		<entity-X-Coordinate>851</entity-X-Coordinate>
		<entity-Y-Coordinate>7406</entity-Y-Coordinate>
		<primary-collapsed>false</primary-collapsed>
		<relation-collapsed>false</relation-collapsed>
		<basic-collapsed>false</basic-collapsed>
	</entity>

	<entity>
		<entity-name>jp.co.sraw.entity.IfInfoUploadTbl</entity-name>
		<entity-width>120</entity-width>
		<entity-height>128</entity-height>
		<entity-X-Coordinate>721</entity-X-Coordinate>
		<entity-Y-Coordinate>2979</entity-Y-Coordinate>
		<primary-collapsed>false</primary-collapsed>
		<relation-collapsed>false</relation-collapsed>
		<basic-collapsed>false</basic-collapsed>
	</entity>

	<entity>
		<entity-name>jp.co.sraw.entity.NrSubjectUploadTbl</entity-name>
		<entity-width>120</entity-width>
		<entity-height>128</entity-height>
		<entity-X-Coordinate>710</entity-X-Coordinate>
		<entity-Y-Coordinate>6262</entity-Y-Coordinate>
		<primary-collapsed>false</primary-collapsed>
		<relation-collapsed>false</relation-collapsed>
		<basic-collapsed>false</basic-collapsed>
	</entity>

	<entity>
		<entity-name>jp.co.sraw.entity.KjThredReadTblPK</entity-name>
		<entity-width>120</entity-width>
		<entity-height>90</entity-height>
		<entity-X-Coordinate>880</entity-X-Coordinate>
		<entity-Y-Coordinate>3840</entity-Y-Coordinate>
		<primary-collapsed>false</primary-collapsed>
		<relation-collapsed>false</relation-collapsed>
		<basic-collapsed>false</basic-collapsed>
	</entity>

	<entity>
		<entity-name>jp.co.sraw.entity.GySocietyTbl</entity-name>
		<entity-width>120</entity-width>
		<entity-height>228</entity-height>
		<entity-X-Coordinate>710</entity-X-Coordinate>
		<entity-Y-Coordinate>2512</entity-Y-Coordinate>
		<primary-collapsed>false</primary-collapsed>
		<relation-collapsed>false</relation-collapsed>
		<basic-collapsed>false</basic-collapsed>
	</entity>

	<entity>
		<entity-name>jp.co.sraw.entity.ItInternUploadTbl</entity-name>
		<entity-width>120</entity-width>
		<entity-height>128</entity-height>
		<entity-X-Coordinate>270</entity-X-Coordinate>
		<entity-Y-Coordinate>3554</entity-Y-Coordinate>
		<primary-collapsed>false</primary-collapsed>
		<relation-collapsed>false</relation-collapsed>
		<basic-collapsed>false</basic-collapsed>
	</entity>

	<entity>
		<entity-name>jp.co.sraw.entity.KjThredReadTbl</entity-name>
		<entity-width>120</entity-width>
		<entity-height>148</entity-height>
		<entity-X-Coordinate>710</entity-X-Coordinate>
		<entity-Y-Coordinate>3836</entity-Y-Coordinate>
		<primary-collapsed>false</primary-collapsed>
		<relation-collapsed>false</relation-collapsed>
		<basic-collapsed>false</basic-collapsed>
	</entity>

	<entity>
		<entity-name>jp.co.sraw.entity.NrSubjectTblPK</entity-name>
		<entity-width>120</entity-width>
		<entity-height>90</entity-height>
		<entity-X-Coordinate>220</entity-X-Coordinate>
		<entity-Y-Coordinate>6257</entity-Y-Coordinate>
		<primary-collapsed>false</primary-collapsed>
		<relation-collapsed>false</relation-collapsed>
		<basic-collapsed>false</basic-collapsed>
	</entity>

	<entity>
		<entity-name>jp.co.sraw.entity.GyCompetitionTbl</entity-name>
		<entity-width>120</entity-width>
		<entity-height>568</entity-height>
		<entity-X-Coordinate>270</entity-X-Coordinate>
		<entity-Y-Coordinate>1008</entity-Y-Coordinate>
		<primary-collapsed>false</primary-collapsed>
		<relation-collapsed>false</relation-collapsed>
		<basic-collapsed>false</basic-collapsed>
	</entity>

	<entity>
		<entity-name>jp.co.sraw.entity.NrTrainingPublicTbl</entity-name>
		<entity-width>120</entity-width>
		<entity-height>128</entity-height>
		<entity-X-Coordinate>490</entity-X-Coordinate>
		<entity-Y-Coordinate>6432</entity-Y-Coordinate>
		<primary-collapsed>false</primary-collapsed>
		<relation-collapsed>false</relation-collapsed>
		<basic-collapsed>false</basic-collapsed>
	</entity>

	<entity>
		<entity-name>jp.co.sraw.entity.NrTrainingTbl</entity-name>
		<entity-width>120</entity-width>
		<entity-height>348</entity-height>
		<entity-X-Coordinate>490</entity-X-Coordinate>
		<entity-Y-Coordinate>6660</entity-Y-Coordinate>
		<primary-collapsed>false</primary-collapsed>
		<relation-collapsed>false</relation-collapsed>
		<basic-collapsed>false</basic-collapsed>
	</entity>

	<entity>
		<entity-name>jp.co.sraw.entity.GyBiblioTbl</entity-name>
		<entity-width>120</entity-width>
		<entity-height>588</entity-height>
		<entity-X-Coordinate>490</entity-X-Coordinate>
		<entity-Y-Coordinate>526</entity-Y-Coordinate>
		<primary-collapsed>false</primary-collapsed>
		<relation-collapsed>false</relation-collapsed>
		<basic-collapsed>false</basic-collapsed>
	</entity>

	<entity>
		<entity-name>jp.co.sraw.entity.NrSubjectAnswerTblPK</entity-name>
		<entity-width>120</entity-width>
		<entity-height>130</entity-height>
		<entity-X-Coordinate>880</entity-X-Coordinate>
		<entity-Y-Coordinate>5785</entity-Y-Coordinate>
		<primary-collapsed>false</primary-collapsed>
		<relation-collapsed>false</relation-collapsed>
		<basic-collapsed>false</basic-collapsed>
	</entity>

	<entity>
		<entity-name>jp.co.sraw.entity.MsCodeTblPK</entity-name>
		<entity-width>120</entity-width>
		<entity-height>90</entity-height>
		<entity-X-Coordinate>398</entity-X-Coordinate>
		<entity-Y-Coordinate>4341</entity-Y-Coordinate>
		<primary-collapsed>false</primary-collapsed>
		<relation-collapsed>false</relation-collapsed>
		<basic-collapsed>false</basic-collapsed>
	</entity>

	<entity>
		<entity-name>jp.co.sraw.entity.UsResultUploadTblPK</entity-name>
		<entity-width>120</entity-width>
		<entity-height>90</entity-height>
		<entity-X-Coordinate>40</entity-X-Coordinate>
		<entity-Y-Coordinate>7953</entity-Y-Coordinate>
		<primary-collapsed>false</primary-collapsed>
		<relation-collapsed>false</relation-collapsed>
		<basic-collapsed>false</basic-collapsed>
	</entity>

	<entity>
		<entity-name>jp.co.sraw.entity.NrSubjectPhaseTblPK</entity-name>
		<entity-width>120</entity-width>
		<entity-height>110</entity-height>
		<entity-X-Coordinate>202</entity-X-Coordinate>
		<entity-Y-Coordinate>6052</entity-Y-Coordinate>
		<primary-collapsed>false</primary-collapsed>
		<relation-collapsed>false</relation-collapsed>
		<basic-collapsed>false</basic-collapsed>
	</entity>

	<entity>
		<entity-name>jp.co.sraw.entity.GyMiscTbl</entity-name>
		<entity-width>120</entity-width>
		<entity-height>708</entity-height>
		<entity-X-Coordinate>490</entity-X-Coordinate>
		<entity-Y-Coordinate>1214</entity-Y-Coordinate>
		<primary-collapsed>false</primary-collapsed>
		<relation-collapsed>false</relation-collapsed>
		<basic-collapsed>false</basic-collapsed>
	</entity>

	<entity>
		<entity-name>jp.co.sraw.entity.UsUserTbl</entity-name>
		<entity-width>120</entity-width>
		<entity-height>506</entity-height>
		<entity-X-Coordinate>436</entity-X-Coordinate>
		<entity-Y-Coordinate>7805</entity-Y-Coordinate>
		<primary-collapsed>false</primary-collapsed>
		<relation-collapsed>false</relation-collapsed>
		<basic-collapsed>false</basic-collapsed>
	</entity>

	<entity>
		<entity-name>jp.co.sraw.entity.UsPasswordHistoryTbl</entity-name>
		<entity-width>120</entity-width>
		<entity-height>246</entity-height>
		<entity-X-Coordinate>880</entity-X-Coordinate>
		<entity-Y-Coordinate>8008</entity-Y-Coordinate>
		<primary-collapsed>false</primary-collapsed>
		<relation-collapsed>false</relation-collapsed>
		<basic-collapsed>false</basic-collapsed>
	</entity>

	<entity>
		<entity-name>jp.co.sraw.entity.UsLoginHistoryTblPK</entity-name>
		<entity-width>120</entity-width>
		<entity-height>110</entity-height>
		<entity-X-Coordinate>47</entity-X-Coordinate>
		<entity-Y-Coordinate>7466</entity-Y-Coordinate>
		<primary-collapsed>false</primary-collapsed>
		<relation-collapsed>false</relation-collapsed>
		<basic-collapsed>false</basic-collapsed>
	</entity>

	<entity>
		<entity-name>jp.co.sraw.entity.NrSubjectTbl</entity-name>
		<entity-width>120</entity-width>
		<entity-height>228</entity-height>
		<entity-X-Coordinate>50</entity-X-Coordinate>
		<entity-Y-Coordinate>6220</entity-Y-Coordinate>
		<primary-collapsed>false</primary-collapsed>
		<relation-collapsed>false</relation-collapsed>
		<basic-collapsed>false</basic-collapsed>
	</entity>

	<entity>
		<entity-name>jp.co.sraw.entity.GyAcademicTbl</entity-name>
		<entity-width>120</entity-width>
		<entity-height>388</entity-height>
		<entity-X-Coordinate>270</entity-X-Coordinate>
		<entity-Y-Coordinate>520</entity-Y-Coordinate>
		<primary-collapsed>false</primary-collapsed>
		<relation-collapsed>false</relation-collapsed>
		<basic-collapsed>false</basic-collapsed>
	</entity>

	<entity>
		<entity-name>jp.co.sraw.entity.EvEventRelCollegeTbl</entity-name>
		<entity-width>120</entity-width>
		<entity-height>128</entity-height>
		<entity-X-Coordinate>490</entity-X-Coordinate>
		<entity-Y-Coordinate>298</entity-Y-Coordinate>
		<primary-collapsed>false</primary-collapsed>
		<relation-collapsed>false</relation-collapsed>
		<basic-collapsed>false</basic-collapsed>
	</entity>

	<entity>
		<entity-name>jp.co.sraw.entity.UsSchedulePublicTbl</entity-name>
		<entity-width>120</entity-width>
		<entity-height>166</entity-height>
		<entity-X-Coordinate>202</entity-X-Coordinate>
		<entity-Y-Coordinate>8566</entity-Y-Coordinate>
		<primary-collapsed>false</primary-collapsed>
		<relation-collapsed>false</relation-collapsed>
		<basic-collapsed>false</basic-collapsed>
	</entity>

	<entity>
		<entity-name>jp.co.sraw.entity.NrPhaseColorTbl</entity-name>
		<entity-width>120</entity-width>
		<entity-height>148</entity-height>
		<entity-X-Coordinate>710</entity-X-Coordinate>
		<entity-Y-Coordinate>5518</entity-Y-Coordinate>
		<primary-collapsed>false</primary-collapsed>
		<relation-collapsed>false</relation-collapsed>
		<basic-collapsed>false</basic-collapsed>
	</entity>

	<entity>
		<entity-name>jp.co.sraw.entity.UsLoginHistoryTbl</entity-name>
		<entity-width>120</entity-width>
		<entity-height>226</entity-height>
		<entity-X-Coordinate>40</entity-X-Coordinate>
		<entity-Y-Coordinate>7639</entity-Y-Coordinate>
		<primary-collapsed>false</primary-collapsed>
		<relation-collapsed>false</relation-collapsed>
		<basic-collapsed>false</basic-collapsed>
	</entity>

	<entity>
		<entity-name>jp.co.sraw.entity.CrConsulRelUserTblPK</entity-name>
		<entity-width>120</entity-width>
		<entity-height>110</entity-height>
		<entity-X-Coordinate>270</entity-X-Coordinate>
		<entity-Y-Coordinate>100</entity-Y-Coordinate>
		<primary-collapsed>false</primary-collapsed>
		<relation-collapsed>false</relation-collapsed>
		<basic-collapsed>false</basic-collapsed>
	</entity>

	<entity>
		<entity-name>jp.co.sraw.entity.KjThredReplyUploadTbl</entity-name>
		<entity-width>120</entity-width>
		<entity-height>128</entity-height>
		<entity-X-Coordinate>50</entity-X-Coordinate>
		<entity-Y-Coordinate>4132</entity-Y-Coordinate>
		<primary-collapsed>false</primary-collapsed>
		<relation-collapsed>false</relation-collapsed>
		<basic-collapsed>false</basic-collapsed>
	</entity>

	<entity>
		<entity-name>jp.co.sraw.entity.NrGradingSubjectTbl</entity-name>
		<entity-width>120</entity-width>
		<entity-height>228</entity-height>
		<entity-X-Coordinate>50</entity-X-Coordinate>
		<entity-Y-Coordinate>5356</entity-Y-Coordinate>
		<primary-collapsed>false</primary-collapsed>
		<relation-collapsed>false</relation-collapsed>
		<basic-collapsed>false</basic-collapsed>
	</entity>

	<entity>
		<entity-name>jp.co.sraw.entity.EvEventTbl</entity-name>
		<entity-width>120</entity-width>
		<entity-height>328</entity-height>
		<entity-X-Coordinate>50</entity-X-Coordinate>
		<entity-Y-Coordinate>338</entity-Y-Coordinate>
		<primary-collapsed>false</primary-collapsed>
		<relation-collapsed>false</relation-collapsed>
		<basic-collapsed>false</basic-collapsed>
	</entity>

	<entity>
		<entity-name>jp.co.sraw.entity.CmFileUploadTbl</entity-name>
		<entity-width>120</entity-width>
		<entity-height>188</entity-height>
		<entity-X-Coordinate>50</entity-X-Coordinate>
		<entity-Y-Coordinate>50</entity-Y-Coordinate>
		<primary-collapsed>false</primary-collapsed>
		<relation-collapsed>false</relation-collapsed>
		<basic-collapsed>false</basic-collapsed>
	</entity>

	<entity>
		<entity-name>jp.co.sraw.entity.MsCollegeTbl</entity-name>
		<entity-width>120</entity-width>
		<entity-height>208</entity-height>
		<entity-X-Coordinate>58</entity-X-Coordinate>
		<entity-Y-Coordinate>4310</entity-Y-Coordinate>
		<primary-collapsed>false</primary-collapsed>
		<relation-collapsed>false</relation-collapsed>
		<basic-collapsed>false</basic-collapsed>
	</entity>
</entities>